dataset,subset,map,n_images,nss_mean,nss_sem,auc_judd_mean,auc_judd_sem,sauc_mean,sauc_sem,cc_mean,cc_sem,sim_mean,sim_sem,kl_mean,kl_sem
CAT2000,ALL,center_prior,2000,1.2037342509998123,0.004376906157349797,0.8371940077169201,0.0011237329248991342,0.5172188142455248,0.0017609704378327945,0.4913984429254209,0.0016123343096233114,0.4240998325626464,0.0016483150401698252,1.0872451214259131,0.006031802852841802
CAT2000,ALL,detail_retention,2000,0.9654914253984263,0.007092838791331215,0.7773862172529715,0.0014244138398233133,0.5814706497386327,0.001426632728983623,0.38085491305596986,0.002121628023610729,0.45495620876709103,0.0013547641594004111,0.984621749516299,0.004947137048591421
CAT2000,ALL,full_awmb,2000,1.0194767992779776,0.007701122339210328,0.77738622126062,0.0014244137705981001,0.5814921842822237,0.001426374087587627,0.39646532451869154,0.0021829741957260277,0.4346643628368566,0.0013639974004391066,1.053965640881253,0.00503708162955045
CAT2000,ALL,gradient_only,2000,0.7650137125817311,0.008880771628105045,0.713188067870472,0.0018795743140763192,0.5854304035324972,0.0014038313192629044,0.28808944354454846,0.0027881409488858828,0.41823832922790144,0.0015531363317219627,1.6946868723264406,0.034051570602174015
CAT2000,ALL,uniform,2000,0.0,0.0,0.5,0.0,0.5,0.0,0.0,0.0,0.33497241258215427,0.0014824074988389014,1.47663467312073,0.0069557188970412
CAT2000,Action,center_prior,100,1.1862026228592006,0.018999034804703226,0.8333169246753497,0.004951377391730601,0.5053473411237687,0.007502153740650118,0.459946213707273,0.006689949999046809,0.3948626868308539,0.005801612185572442,1.1833558866342828,0.023224209402997624
CAT2000,Action,detail_retention,100,1.0549826294894802,0.028190860672635258,0.8009814462394017,0.005454846487203039,0.608725815683301,0.0056175690732906385,0.39524328046163854,0.008211737111664128,0.4353818494339708,0.005314862352778103,1.0366691961947196,0.021404246075638296
CAT2000,Action,full_awmb,100,1.1607794855014353,0.03393338312904079,0.8009814528489864,0.005454846452555193,0.6087536842033099,0.005615777857300682,0.4246956340034457,0.008945749991877083,0.41592659568907714,0.00490440026459718,1.1038245982866501,0.019540719928677414
CAT2000,Action,gradient_only,100,0.945410779953392,0.039444429291320665,0.7472761063825706,0.007048115797984343,0.6163869431325351,0.0053883253584431886,0.3348818156776579,0.011285909745509434,0.4161091842484339,0.005498803210771513,1.235577590387261,0.02277524058689224
CAT2000,Action,uniform,100,0.0,0.0,0.5,0.0,0.5,0.0,0.0,0.0,0.31185610155618537,0.005075797218939279,1.5678968847437402,0.026735496985195274
CAT2000,Affective,center_prior,100,1.1869272966529418,0.02393938260704165,0.8335949807790785,0.0061615918164223404,0.5094706973559623,0.009877556917364843,0.4352151145690099,0.007380971214242306,0.3805153078099353,0.007125545069665171,1.2562928921295584,0.028185429925853704
CAT2000,Affective,detail_retention,100,1.0487833666491146,0.032314087870717136,0.8017507204495656,0.006370790215119766,0.6105192678222411,0.006552876667039789,0.37300559824064167,0.008717064634184717,0.4189345170755576,0.005818412008249929,1.0986041500827572,0.022688534287315706
CAT2000,Affective,full_awmb,100,1.1668700252093474,0.036782783721826806,0.8017507410320849,0.006370788819454004,0.6109402792243724,0.0065487258216562995,0.4051060400576435,0.009144184637518961,0.40000538241151185,0.0057593303333340565,1.1643170337273991,0.022173475990543985
CAT2000,Affective,gradient_only,100,0.9473011737380284,0.041355259337798,0.750696873684318,0.008161110766312488,0.6203771507856117,0.006079766225579971,0.3189623543903085,0.011305939856831995,0.4013771156634074,0.005682559622562753,1.3278547988531233,0.03503991742518548
CAT2000,Affective,uniform,100,0.0,0.0,0.5,0.0,0.5,0.0,0.0,0.0,0.3022906851041349,0.006546061272764242,1.6406231748824696,0.033211322269148864
CAT2000,Art,center_prior,100,1.1836413989490273,0.0183934501937293,0.8325587373323617,0.004626601379247131,0.5054685824324452,0.006822748918386187,0.5044016256114608,0.007468091679437181,0.43253475901305466,0.007699757427796815,1.04756430467877,0.02602882359401735
CAT2000,Art,detail_retention,100,0.9858052693908756,0.034553163655404256,0.7761766362793948,0.0073170357482062725,0.5768322827116197,0.00742008135039887,0.40388693317466545,0.010417859825446612,0.4688104006245738,0.005854946372867526,0.9245107952802099,0.020112443348693797
CAT2000,Art,full_awmb,100,1.0378061696603333,0.037885153852679064,0.776176638160772,0.007317036949907874,0.5767503276833406,0.007417155170033456,0.42141813781132803,0.011160919587893132,0.4470155396012445,0.006354982727802198,1.002894834707254,0.022010507827007385
CAT2000,Art,gradient_only,100,0.8015000048371579,0.04368963151591723,0.7180580417764415,0.009675991755841204,0.585325390753648,0.007308083575974506,0.3163521013924524,0.01400342710265722,0.4394110645810047,0.006667998189213047,1.2515997593455945,0.05305544386236749
CAT2000,Art,uniform,100,0.0,0.0,0.5,0.0,0.5,0.0,0.0,0.0,0.34106394796986556,0.006808710478718086,1.4308853222381734,0.0297637232713863
CAT2000,BlackWhite,center_prior,100,1.2715711345823815,0.017638807635375474,0.8546521790744346,0.004372118278438067,0.5443224362235082,0.008305495678112697,0.46192699414787414,0.006490115949943023,0.38911388044142525,0.0049539215895204256,1.2281740911278067,0.022456295881693084
CAT2000,BlackWhite,detail_retention,100,1.0091015592384276,0.021312413010420795,0.7908603633266855,0.005473907751603746,0.5965600040459502,0.005540022502060792,0.3601020125902517,0.006789200483502393,0.42136679207665506,0.005033471834615247,1.1013816702120092,0.021020981355457873
CAT2000,BlackWhite,full_awmb,100,1.0784455528814316,0.029679985971180312,0.7908603658665028,0.00547390822651121,0.5963787236753268,0.005511503908601383,0.3756481610174649,0.008053378573631148,0.40181794275134664,0.004767493599727596,1.1802959652072407,0.02065628175233939
CAT2000,BlackWhite,gradient_only,100,0.8202453257293653,0.034301440922453755,0.7356398924639349,0.00656420370735183,0.5942089551466371,0.0056006399145121025,0.27846235501055483,0.009975746024653093,0.3910615549899218,0.0051599030773819615,1.3677481565022134,0.025657842996074202
CAT2000,BlackWhite,uniform,100,0.0,0.0,0.5,0.0,0.5,0.0,0.0,0.0,0.30432400386707803,0.004375561554494376,1.6406310290843407,0.025822624260042726
CAT2000,Cartoon,center_prior,100,1.0831071335112186,0.020506660023318073,0.8052010883358833,0.0054079478352609366,0.4670615953720701,0.007138503394823208,0.49288155428943475,0.0072356808431886825,0.4542843754783597,0.00535311031594975,0.9625118239390033,0.018917768955853072
CAT2000,Cartoon,detail_retention,100,0.889993676353098,0.02489666227448572,0.7590231290754811,0.005593655577940967,0.5858314023406037,0.006078707640450293,0.39446906742549515,0.010121350038501922,0.48078527802956755,0.005449164689669549,0.9019790007563608,0.020218407258399726
CAT2000,Cartoon,full_awmb,100,0.9417220011613614,0.027785487092281562,0.7590231245462283,0.005593655765973547,0.5859039164384318,0.006064429171422851,0.4105941969933037,0.010602924787667972,0.46452846510059387,0.005028543197799481,0.9403920606395398,0.01884509609149962
CAT2000,Cartoon,gradient_only,100,0.7004919005321933,0.032101817756596256,0.6940255345016468,0.0072313332073657725,0.6026501069205296,0.006296241805266348,0.2973688802580874,0.013180994710575916,0.43855895136023476,0.005958124992901317,1.459417764428005,0.07495194732055617
CAT2000,Cartoon,uniform,100,0.0,0.0,0.5,0.0,0.5,0.0,0.0,0.0,0.3668426870564183,0.00536817707417315,1.3102902780356038,0.02369600130775946
CAT2000,Fractal,center_prior,100,1.2491683039833992,0.013481323417018558,0.8478705428572071,0.0033249777493626702,0.5400891694821237,0.005571654480913727,0.5001692518791129,0.0059764469881810525,0.4399967020251731,0.006120411067867131,1.051608969946684,0.021241317700143744
CAT2000,Fractal,detail_retention,100,0.8776774300566291,0.02626812590101314,0.7688221148068622,0.006503925161146779,0.5573804868093759,0.005163335417944594,0.34650472554086437,0.009268233060334164,0.45436561534034964,0.0049005077240355105,1.0153506814914777,0.019485184773212323
CAT2000,Fractal,full_awmb,100,0.9804280817527571,0.03015426037335006,0.7688221198514728,0.006503923819324078,0.5571803496387929,0.005169602996917031,0.38167945964726935,0.01015533920105825,0.4447992450432901,0.00465478507419594,1.0441997029183734,0.017939121077094285
CAT2000,Fractal,gradient_only,100,0.7422251011693233,0.035889621930818266,0.7057215143646174,0.008792682697926876,0.5557571206759655,0.005348226427220175,0.2836157970661373,0.012701529762314484,0.4380587098238196,0.005303476748440512,1.1805786560749285,0.02259218597113324
CAT2000,Fractal,uniform,100,0.0,0.0,0.5,0.0,0.5,0.0,0.0,0.0,0.34710597648958585,0.005547305624803602,1.4550777421128842,0.024249965665086654
CAT2000,Indoor,center_prior,100,1.1283386386680794,0.01859929227507077,0.8178275249302084,0.004897088691248641,0.4833564266712688,0.0069760292893446,0.5232787102392653,0.007132063481795599,0.46446158172636104,0.006505699445410075,0.9316751254188528,0.022855119543778543
CAT2000,Indoor,detail_retention,100,0.8919970462706169,0.024193254512345868,0.7600965588447024,0.005620505735885477,0.5571180369688201,0.0060978221138407,0.4033540220004553,0.007307283441086739,0.4898363234639935,0.005008320265711674,0.8555541454885843,0.01672490950199222
CAT2000,Indoor,full_awmb,100,0.9392141926993969,0.02758858257574633,0.7600965624843612,0.005620505021397137,0.5574036973170158,0.0060807060948894825,0.41934188784633775,0.008037636111143533,0.4732074799442637,0.005382794014602134,0.9091775294586918,0.01876984654111359
CAT2000,Indoor,gradient_only,100,0.7182079288939711,0.03013435717522161,0.7074517880988251,0.006630628063093202,0.5678236180934287,0.005627304784358319,0.3131793398439991,0.009639710774743182,0.4597916962085232,0.005018905631481825,1.1086916997364045,0.028584622119079982
CAT2000,Indoor,uniform,100,0.0,0.0,0.5,0.0,0.5,0.0,0.0,0.0,0.36908241531559,0.005922555346581605,1.2967290858650167,0.026910833921821087
CAT2000,Inverted,center_prior,100,1.157887034438958,0.01753724416981371,0.8255106823456352,0.004451786423032746,0.4977327797215741,0.006468673675391616,0.5153647905370768,0.00733199227123883,0.45716738989719774,0.0060781786784022,0.9656825826199941,0.021592317236725393
CAT2000,Inverted,detail_retention,100,0.902432609078405,0.025544324176464527,0.7626090699311392,0.005650161728550781,0.5631898615245686,0.005673767122304234,0.39094618218919747,0.00812911481238432,0.4809961094038661,0.005050719503177735,0.8938808769685502,0.017977191016182427
CAT2000,Inverted,full_awmb,100,0.9556480693483127,0.02924415670055252,0.7626090579959928,0.005650161270581952,0.5632186080756337,0.005660258323426999,0.40809379390636025,0.008989612881170821,0.4646358234407695,0.005112609431346876,0.9470479475607754,0.018179201515075627
CAT2000,Inverted,gradient_only,100,0.7185992691513744,0.033046483270632546,0.7048389836396691,0.007184339073196143,0.5719454316262932,0.005458357308010726,0.2985593446147105,0.01087640480474926,0.4488489497621196,0.005247798640863428,1.1586522152446415,0.027454394552833345
CAT2000,Inverted,uniform,100,0.0,0.0,0.5,0.0,0.5,0.0,0.0,0.0,0.3627764310129815,0.005420734794303791,1.3404698748127981,0.024691768092332998
CAT2000,Jumbled,center_prior,100,1.0471896287781939,0.014405250284072881,0.7955198547278812,0.0038198076590720393,0.4517549162022539,0.0049292615125262635,0.5354252861901352,0.006195676091722699,0.4955925879738843,0.00690648909963718,0.8255934851029246,0.019755736789773742
CAT2000,Jumbled,detail_retention,100,0.8993161976977898,0.0239937663197403,0.752975615460228,0.005291800697106128,0.5442914371672655,0.005497646036352148,0.44630060260773663,0.007946814561024662,0.5449952565496248,0.004153260154922736,0.6938596927874804,0.011857338829642669
CAT2000,Jumbled,full_awmb,100,0.8991879248027458,0.025411157137201858,0.7529756270215928,0.005291800015975836,0.5439515036610111,0.00550030483521792,0.44258084409600895,0.008354900492136573,0.5164356744667135,0.004825886474250487,0.7732615248037277,0.013542114835530191
CAT2000,Jumbled,gradient_only,100,0.6859356267213758,0.027964243288975576,0.707449744188597,0.006535491407599991,0.5643189964346244,0.005095363246139576,0.32986053603284643,0.010146653352863234,0.5020865557089931,0.00425159092667928,1.1121364873024027,0.038681081091476006
CAT2000,Jumbled,uniform,100,0.0,0.0,0.5,0.0,0.5,0.0,0.0,0.0,0.40051353186882066,0.006659170167305805,1.1645436150316888,0.022890036925413866
CAT2000,LineDrawing,center_prior,100,1.222815901964808,0.014237311010690035,0.8423644165840443,0.0036019121230948187,0.5214537028662944,0.005616688965265399,0.522550938900636,0.006112440436416969,0.4493643706170969,0.005636890612664093,0.9923323576089547,0.019491407154809112
CAT2000,LineDrawing,detail_retention,100,0.8875490320014658,0.02257676851634466,0.7571545838249338,0.004987701163186337,0.5896954604017322,0.0058589949085104,0.3639681888044158,0.006883544802930274,0.4616989079847146,0.0043179410722054955,0.9607576066113446,0.014974837577512102
CAT2000,LineDrawing,full_awmb,100,0.9071166537418555,0.02535671073171023,0.7571545882354956,0.004987699778207736,0.5896690672307058,0.005872088431007727,0.36899171515115997,0.0078044504886457,0.45041372599123775,0.004610558736307754,0.9967659092255858,0.015901698715126658
CAT2000,LineDrawing,gradient_only,100,0.6636291085941981,0.027720609608002315,0.6975006034474173,0.005921811526517625,0.5925913332542454,0.005954184979244832,0.26294134922443024,0.009416476142912347,0.4031089192043013,0.005746038065983175,2.8783978122616407,0.15013921515284614
CAT2000,LineDrawing,uniform,100,0.0,0.0,0.5,0.0,0.5,0.0,0.0,0.0,0.35344550499787286,0.0049893398523782615,1.38870625256017,0.022335571703044965
CAT2000,LowResolution,center_prior,100,1.380075481950733,0.013235826068529657,0.8822547575185427,0.003110596048642861,0.5981587626847862,0.006050034393122735,0.477421241063555,0.005142464801423984,0.37868260994394304,0.004795532747673832,1.2701689471262458,0.019930443959257194
CAT2000,LowResolution,detail_retention,100,0.9484154029662183,0.019456658696346496,0.7800234131637809,0.0044970468871471285,0.5784233333846708,0.005412896625981688,0.32824012568211836,0.006830202748053937,0.39535819235490427,0.0051065300270605974,1.2086534891393506,0.02153735707204567
CAT2000,LowResolution,full_awmb,100,0.9641441033037482,0.025459968070902998,0.7800234189669072,0.004497046180912931,0.5784487661503052,0.005426207697072491,0.3297456984499749,0.007342228374372044,0.377204892955545,0.004701826103778706,1.2862218788264987,0.019883036102081218
CAT2000,LowResolution,gradient_only,100,0.6350684071333763,0.03197828973809177,0.7046281617656889,0.006560248873790456,0.5572521937810916,0.005891916233013317,0.21503671518180084,0.009410547724158563,0.3568113700763591,0.005072002533112078,1.5460660482769435,0.025574683438820356
CAT2000,LowResolution,uniform,100,0.0,0.0,0.5,0.0,0.5,0.0,0.0,0.0,0.2915810724174013,0.004156576738271003,1.716067964617278,0.022438535530473976
CAT2000,Noisy,center_prior,100,1.2514478241911924,0.014130575791687463,0.8494453589018351,0.0034712585245572137,0.5404098035580897,0.005698450902244506,0.5010761443978579,0.006217002682557379,0.4277996989684372,0.006113388149622424,1.0788891978770827,0.022235182227190273
CAT2000,Noisy,detail_retention,100,0.8516109150802975,0.024646990643988523,0.7835522039899491,0.005428988479542761,0.5707556277910019,0.004202432798557782,0.3341515196130078,0.007971187261344912,0.4318972606476026,0.0050397531834092246,1.0775557423925743,0.019585491200755898
CAT2000,Noisy,full_awmb,100,1.0005513153631973,0.02625125376702244,0.7835521894141331,0.005428987810674942,0.5710864706826602,0.004224911774319276,0.38814134445527726,0.008015070273013679,0.4308842718882142,0.004830177089375248,1.0774059050560252,0.01804412354541137
CAT2000,Noisy,gradient_only,100,0.7570127540560472,0.0322958905524076,0.7111553184612116,0.007994283423961617,0.5682203396547847,0.00440095676441647,0.2866220239527599,0.010592859999833875,0.42375190380468425,0.004950175757365554,1.2286797657455795,0.02251363306552162
CAT2000,Noisy,uniform,100,0.0,0.0,0.5,0.0,0.5,0.0,0.0,0.0,0.336613725109792,0.005437410274761766,1.4833758648085231,0.025077865696709854
CAT2000,Object,center_prior,100,1.2267806125916674,0.02089187956294595,0.8424884813958503,0.0055841208968710355,0.5306033365508425,0.007810909620964858,0.4635559231334747,0.007547699895239557,0.37840142632112006,0.005951037518241742,1.23936658203026,0.024472368823941305
CAT2000,Object,detail_retention,100,1.1764513320661911,0.03361614432525413,0.8057662406934561,0.0059157485486441485,0.6037913299285518,0.0058456945085917,0.4264179281313167,0.00945378302335156,0.4484248336015328,0.005896573507969327,0.9988097571967778,0.02152714659973274
CAT2000,Object,full_awmb,100,1.190690847282333,0.037676617933337694,0.8057662414987685,0.005915748472223677,0.6036083401225889,0.005889255983959597,0.42338857404101093,0.010126277473440312,0.4128543200742346,0.005365346683891001,1.1187144938305584,0.02047711362127061
CAT2000,Object,gradient_only,100,0.96966936561017,0.04337578957181853,0.7605120239407691,0.007897112016117673,0.6087142134839824,0.00583751881950368,0.3348479017150944,0.012892572410423232,0.41139199004586546,0.007005584322677558,1.7499407070328987,0.11463501414626683
CAT2000,Object,uniform,100,0.0,0.0,0.5,0.0,0.5,0.0,0.0,0.0,0.2957275413055639,0.005153125959959917,1.635192818773284,0.027546661026180624
CAT2000,OutdoorManMade,center_prior,100,1.1698009082026903,0.015669254086396783,0.8294634770397882,0.003971730307747544,0.499012127530556,0.006365962891196207,0.5165309389834829,0.006894467430740221,0.45629902305291803,0.005805471856181678,0.9689005417685224,0.02096607487258828
CAT2000,OutdoorManMade,detail_retention,100,0.8727816505695917,0.024555228273599503,0.7583907704667402,0.005986439926088497,0.5652953873034406,0.006225942045510325,0.3768707508395038,0.008998893881849157,0.4728074021141292,0.005216726994296814,0.924142507900881,0.018852263965108935
CAT2000,OutdoorManMade,full_awmb,100,0.9163185553532139,0.026257691366353624,0.7583907733461956,0.005986440107254595,0.565256164011987,0.006200501050733732,0.39167763467207434,0.009578873551906146,0.4568688486010643,0.004946180418774907,0.9780383002477019,0.019057861812253052
CAT2000,OutdoorManMade,gradient_only,100,0.6508395912880599,0.03081570864749191,0.6923522045471092,0.008004854485499691,0.571718089817204,0.006261912718938975,0.27119055642657164,0.011592283143912963,0.4367553270548804,0.005317295170938886,1.2037146567843793,0.02730598184460222
CAT2000,OutdoorManMade,uniform,100,0.0,0.0,0.5,0.0,0.5,0.0,0.0,0.0,0.3610562786253274,0.005100682894717157,1.349138286668624,0.024010969231358176
CAT2000,OutdoorNatural,center_prior,100,1.2148947691136698,0.01656493909816515,0.8406333961670043,0.0040801567418601095,0.5211265429440953,0.006579925849931276,0.514500364400178,0.007023074182791295,0.4490032565126329,0.005912072033657605,1.0037541756978754,0.02112862627677314
CAT2000,OutdoorNatural,detail_retention,100,0.811577812878873,0.02362430602481816,0.7517852101078466,0.0062626556132238335,0.5581562490565319,0.0062235236063380005,0.3368711304857037,0.00866269207868631,0.44766239313688827,0.005562154855130592,1.0240863979914747,0.021074642868597705
CAT2000,OutdoorNatural,full_awmb,100,0.9111840818190372,0.028353572755546404,0.7517852223786728,0.006262656201542842,0.5584973606508888,0.0062052097243850204,0.37167488860226017,0.009619784309359001,0.43925170335559405,0.005098883371609168,1.0456507290481925,0.019620741626296394
CAT2000,OutdoorNatural,gradient_only,100,0.6184934845989359,0.033103695283013684,0.6723729380214906,0.008321588871188812,0.5583040582097589,0.006108824107547921,0.24419436989573437,0.012037927089467685,0.4173924913311924,0.005457912395112189,1.2287365290354675,0.023969484841382657
CAT2000,OutdoorNatural,uniform,100,0.0,0.0,0.5,0.0,0.5,0.0,0.0,0.0,0.35411834488368393,0.005184286865769556,1.397236978048491,0.023791504472332026
CAT2000,Pattern,center_prior,100,1.3134566704057153,0.013415215133850994,0.8651119739332827,0.0031376757335025594,0.5644879184088065,0.005900160149885534,0.4977680349798041,0.006653418578019696,0.41596776148509157,0.006333756525664505,1.1433782375835861,0.024982776846794976
CAT2000,Pattern,detail_retention,100,0.9010238067050819,0.02150958704714525,0.7787331007282886,0.004797716924537758,0.5737987761901281,0.004986647661261078,0.3265699810250734,0.0074765843795411985,0.4234129508202893,0.005400698834878925,1.1064471393264999,0.022862715631252816
CAT2000,Pattern,full_awmb,100,0.9050163739663306,0.027371651908540285,0.7787331122150093,0.004797715637743365,0.5741827801585098,0.0050059348233179235,0.32044826274718013,0.007769619379797921,0.4070437950287005,0.0053617895938583085,1.1791011040970132,0.02260395414075637
CAT2000,Pattern,gradient_only,100,0.6042998932794279,0.03305081587373523,0.681226609686802,0.007010113217793058,0.5617460872841104,0.00472305285238366,0.2019779509049104,0.009992916222840306,0.34036989329917994,0.009292948676237173,3.4902753261695456,0.3355880597689583
CAT2000,Pattern,uniform,100,0.0,0.0,0.5,0.0,0.5,0.0,0.0,0.0,0.3233712911628481,0.0053564923436761735,1.5681373558680485,0.027679956763692094
CAT2000,Random,center_prior,100,1.1683059429717613,0.02132917339863192,0.8271844229934324,0.005668291684533126,0.5085196936302557,0.007725809255944793,0.44927584873136894,0.0059119675583657345,0.3743356163854345,0.005072215626989995,1.234913141946592,0.01970324887569314
CAT2000,Random,detail_retention,100,1.2673622063173797,0.024017237870697764,0.8269242255476874,0.0042072983324210255,0.6197006253625337,0.005912572344378154,0.47975313826904553,0.006938349650883453,0.47727141164230585,0.005242702912059711,0.8803841308837247,0.016980329257167616
CAT2000,Random,full_awmb,100,1.2423959722133155,0.030297294815454484,0.8269242204181316,0.004207297407543038,0.6194503325236084,0.00589477428680916,0.4621364456600908,0.007989054896537303,0.41926756719231517,0.0051520447105049,1.0752591698150962,0.0187974416393333
CAT2000,Random,gradient_only,100,0.9927095166883376,0.03841507321460218,0.7854972283665098,0.006018503580826539,0.6334069833381537,0.005760911192627694,0.36086723265493303,0.01170738055282167,0.4384723366756971,0.0063691123807140485,1.32264048303559,0.027584225212176107
CAT2000,Random,uniform,100,0.0,0.0,0.5,0.0,0.5,0.0,0.0,0.0,0.2948044696741966,0.004973223251797021,1.6130475115924414,0.024338644746977344
CAT2000,Satelite,center_prior,100,1.1169543624821272,0.014839164917667406,0.8133161793618368,0.0037784402689922023,0.4900340603118638,0.005460290588127741,0.5303152897552018,0.006296673482968275,0.5033133122787604,0.005888146566955761,0.8331622167665934,0.01949584486239937
CAT2000,Satelite,detail_retention,100,0.6365843972455236,0.02379755813833572,0.7082713094071315,0.006864034891185372,0.5372813403685485,0.005451652447876292,0.2953381779318575,0.008676022417220423,0.47128415934335294,0.004940266206558028,0.9509630283452545,0.017531183009554172
CAT2000,Satelite,full_awmb,100,0.7352978881680285,0.028550751829656117,0.708271316324977,0.006864034739883078,0.5375850624247238,0.005443949206367977,0.3346648101064564,0.0098557027111717,0.47143442028058247,0.004900426484213691,0.947672690422444,0.01698044332330178
CAT2000,Satelite,gradient_only,100,0.3687569348453808,0.035427020388270655,0.6045971153304115,0.009363540622163808,0.5458765342239105,0.005563815882350183,0.156004425704787,0.013811653090817735,0.4296828718718846,0.005279146430950028,1.2369650740922924,0.032993157922206945
CAT2000,Satelite,uniform,100,0.0,0.0,0.5,0.0,0.5,0.0,0.0,0.0,0.40744936899118317,0.005496034736935859,1.1909076497692765,0.02272761551531772
CAT2000,Sketch,center_prior,100,1.4217140169979081,0.015008881019639594,0.8954057108023349,0.0034776644922446705,0.6067877078129522,0.006837475418717131,0.45622679409366745,0.005766397567737514,0.3156590053709363,0.003983827323160051,1.4784590085548057,0.020129425321097818
CAT2000,Sketch,detail_retention,100,1.5220365758253434,0.035382034941897095,0.8586820039161762,0.003510019279948866,0.6615541886514349,0.00511447830062695,0.46498193238442087,0.00799942521764477,0.42985805704173985,0.0046235797362522415,1.0478159109377,0.017136889647771155
CAT2000,Sketch,full_awmb,100,1.5103498821348933,0.043417277880009424,0.8586820110905071,0.00351001965907802,0.661338627856824,0.005175541800562948,0.4554095724882682,0.009530463133284432,0.3668010541296321,0.0038743400854121847,1.2832957542695995,0.01637983451207055
CAT2000,Sketch,gradient_only,100,1.2300710805720572,0.0517340742532327,0.7705764863198108,0.007920556588086365,0.646112427490094,0.0054863321378754775,0.35879018840914656,0.012307891256876128,0.35136214227283813,0.007501626863437884,5.602995286946861,0.2593044951703504
CAT2000,Sketch,uniform,100,0.0,0.0,0.5,0.0,0.5,0.0,0.0,0.0,0.23495689461688507,0.003293797843801851,1.9389329334880383,0.022434802627694074
CAT2000,Social,center_prior,100,1.0944053367005728,0.01883483734700976,0.8101594645824092,0.004927265124517237,0.4591786840269799,0.006811385214370014,0.4701377988985485,0.006433751448596795,0.4246412991203121,0.0042860336705931035,1.0491188599598709,0.015532392622735194
CAT2000,Social,detail_retention,100,0.8743455920881203,0.019336839992182032,0.7651456287999808,0.004738771495054746,0.5705120812603339,0.005069938247129045,0.370122963721988,0.007632653705310974,0.4439764646562017,0.00480836969986704,0.9910290703382487,0.017388775749500148
CAT2000,Social,full_awmb,100,0.9463688091964767,0.022703620649438275,0.7651456415156068,0.004738770931476026,0.5702396239144354,0.005097509994201538,0.3938693886209159,0.008246022530687161,0.43289050879120095,0.004392013216231118,1.0257756854766926,0.016289638780904402
CAT2000,Social,gradient_only,100,0.7298070042424517,0.025686254483267758,0.712184188421597,0.005724289266325936,0.5858720965433332,0.004507634734621612,0.298073632534047,0.009868159856764567,0.4203635565746879,0.005203789781198389,1.2030686292730355,0.018596111404957105
CAT2000,Social,uniform,100,0.0,0.0,0.5,0.0,0.5,0.0,0.0,0.0,0.3404679796176708,0.004222886667956558,1.4048028394137098,0.019267663268939837
MIT1003,ALL,center_prior,1003,1.0535850668258206,0.008382000503393312,0.7978781968429406,0.002233881036249686,0.507976169670691,0.0035484190557953906,0.45052063516310875,0.003542516050803728,0.4123820997750223,0.0022903986767422294,1.100429034500243,0.008694538454413214
MIT1003,ALL,detail_retention,1003,0.898928955742699,0.010872814524695133,0.7590194331242966,0.0024923687401145057,0.6194887287390246,0.0029114757124478474,0.35514785877224664,0.0035525925670575084,0.4237932238773408,0.0023454565706148576,1.0720987278216405,0.009011495694938821
MIT1003,ALL,full_awmb,1003,0.9759730381428895,0.013882124635968301,0.7590194398985358,0.002492368725621006,0.6191585313805942,0.002909830879006669,0.37012154273937836,0.003951089701571956,0.40670261063681373,0.002173711189571872,1.122682522201425,0.008616253213223313
MIT1003,ALL,gradient_only,1003,0.6800936022489474,0.016174729217465524,0.681658114496094,0.0032900307912093326,0.6278371142243695,0.003014458577009809,0.2351412717455594,0.004806071587116269,0.3788267467058089,0.002316981846384221,1.330346166333202,0.016635778072145065
MIT1003,ALL,uniform,1003,0.0,0.0,0.5,0.0,0.5,0.0,0.0,0.0,0.33203403974954243,0.002010478554604765,1.435473240742499,0.00974669461109603
MIT1003,stimuli,center_prior,1003,1.0535850668258206,0.008382000503393312,0.7978781968429406,0.002233881036249686,0.507976169670691,0.0035484190557953906,0.45052063516310875,0.003542516050803728,0.4123820997750223,0.0022903986767422294,1.100429034500243,0.008694538454413214
MIT1003,stimuli,detail_retention,1003,0.898928955742699,0.010872814524695133,0.7590194331242966,0.0024923687401145057,0.6194887287390246,0.0029114757124478474,0.35514785877224664,0.0035525925670575084,0.4237932238773408,0.0023454565706148576,1.0720987278216405,0.009011495694938821
MIT1003,stimuli,full_awmb,1003,0.9759730381428895,0.013882124635968301,0.7590194398985358,0.002492368725621006,0.6191585313805942,0.002909830879006669,0.37012154273937836,0.003951089701571956,0.40670261063681373,0.002173711189571872,1.122682522201425,0.008616253213223313
MIT1003,stimuli,gradient_only,1003,0.6800936022489474,0.016174729217465524,0.681658114496094,0.0032900307912093326,0.6278371142243695,0.003014458577009809,0.2351412717455594,0.004806071587116269,0.3788267467058089,0.002316981846384221,1.330346166333202,0.016635778072145065
MIT1003,stimuli,uniform,1003,0.0,0.0,0.5,0.0,0.5,0.0,0.0,0.0,0.33203403974954243,0.002010478554604765,1.435473240742499,0.00974669461109603
